input/train_v2/00021ddc3.jpg,140,0,177,767,ship
input/train_v2/001aee007.jpg,315,0,383,767,ship
input/train_v2/0067a8e04.jpg,24,0,43,767,ship
input/train_v2/00761707d.jpg,639,0,645,767,ship
input/train_v2/007b25c03.jpg,719,0,766,767,ship
input/train_v2/00abc623a.jpg,254,0,351,767,ship
input/train_v2/00c571edd.jpg,163,0,241,767,ship
input/train_v2/00d412548.jpg,374,0,560,767,ship
input/train_v2/00f4494b4.jpg,525,0,536,767,ship
input/train_v2/00fba1ce7.jpg,465,0,562,767,ship
input/train_v2/018054283.jpg,424,0,515,767,ship
input/train_v2/01914baf2.jpg,664,0,725,767,ship
input/train_v2/01914baf2.jpg,285,0,317,767,ship
input/train_v2/01bb07c7d.jpg,210,0,479,767,ship
input/train_v2/01c78e866.jpg,245,0,260,767,ship
input/train_v2/01de1273b.jpg,6,0,166,767,ship
input/train_v2/0235db857.jpg,406,0,590,767,ship
input/train_v2/0238e14b8.jpg,163,0,415,767,ship
input/train_v2/03007ae96.jpg,247,0,303,767,ship
input/train_v2/03766fdb1.jpg,526,0,560,767,ship
input/train_v2/037727c67.jpg,156,0,173,767,ship
input/train_v2/03823c0e1.jpg,17,0,295,767,ship
input/train_v2/03c807bd1.jpg,30,0,100,767,ship
input/train_v2/040d0634b.jpg,182,0,187,767,ship
input/train_v2/04ac2e721.jpg,292,0,458,767,ship
input/train_v2/04ac2e721.jpg,691,0,700,767,ship
input/train_v2/052f0492b.jpg,91,0,165,767,ship
input/train_v2/0539a783d.jpg,510,0,525,767,ship
input/train_v2/054915d9d.jpg,365,0,440,767,ship
input/train_v2/056eb5f50.jpg,225,0,373,767,ship
input/train_v2/0588694f2.jpg,70,0,189,767,ship
input/train_v2/059f03c16.jpg,358,0,436,767,ship
input/train_v2/05ce5375d.jpg,481,0,629,767,ship
input/train_v2/0624ddeef.jpg,192,0,197,767,ship
input/train_v2/0656b25a3.jpg,29,0,36,767,ship
input/train_v2/06dd3e135.jpg,543,0,767,767,ship
input/train_v2/06e50168c.jpg,155,0,168,767,ship
input/train_v2/06e50168c.jpg,560,0,584,767,ship
input/train_v2/07066de36.jpg,437,0,546,767,ship
input/train_v2/073a96317.jpg,558,0,587,767,ship
input/train_v2/076786378.jpg,351,0,421,767,ship
input/train_v2/0774868a7.jpg,616,0,659,767,ship
input/train_v2/0774868a7.jpg,339,0,418,767,ship
input/train_v2/0796fc3fc.jpg,205,0,248,767,ship
input/train_v2/07a03de23.jpg,704,0,709,767,ship
input/train_v2/07aa49475.jpg,76,0,149,767,ship
input/train_v2/07eb0d334.jpg,182,0,297,767,ship
input/train_v2/07f55061c.jpg,506,0,529,767,ship
input/train_v2/0804e3632.jpg,295,0,353,767,ship
input/train_v2/0839bd08f.jpg,475,0,529,767,ship
input/train_v2/085708978.jpg,190,0,390,767,ship
input/train_v2/0864ffd70.jpg,244,0,489,767,ship
input/train_v2/087d58ae5.jpg,440,0,467,767,ship
input/train_v2/089ee7570.jpg,342,0,557,767,ship
input/train_v2/0930eb6bf.jpg,91,0,120,767,ship
input/train_v2/095019a9e.jpg,596,0,634,767,ship
input/train_v2/096d0458a.jpg,582,0,617,767,ship
input/train_v2/09be21f7e.jpg,508,0,729,767,ship
input/train_v2/09c1492b2.jpg,444,0,495,767,ship
input/train_v2/09c54c3a7.jpg,437,0,506,767,ship
input/train_v2/0a148697c.jpg,507,0,639,767,ship
input/train_v2/0a40de97d.jpg,586,0,698,767,ship
input/train_v2/0a4c56694.jpg,435,0,475,767,ship
input/train_v2/0a4c999c8.jpg,236,0,245,767,ship
input/train_v2/0a4cad0e8.jpg,630,0,661,767,ship
input/train_v2/0a99243c0.jpg,292,0,563,767,ship
input/train_v2/0aefb4539.jpg,9,0,184,767,ship
input/train_v2/0afd358bd.jpg,136,0,145,767,ship
input/train_v2/0b1a90819.jpg,28,0,161,767,ship
input/train_v2/0b26b2861.jpg,440,0,458,767,ship
input/train_v2/0b77aef2e.jpg,571,0,639,767,ship
input/train_v2/0b7b23689.jpg,497,0,585,767,ship
input/train_v2/0b8ce2b47.jpg,198,0,278,767,ship
input/train_v2/0ba729545.jpg,549,0,589,767,ship
input/train_v2/0bfb71a47.jpg,0,0,47,767,ship
input/train_v2/0c0eb4731.jpg,659,0,676,767,ship
input/train_v2/0c6d913bf.jpg,492,0,662,767,ship
input/train_v2/0c704bba1.jpg,509,0,627,767,ship
input/train_v2/0c8b3e9a3.jpg,79,0,107,767,ship
input/train_v2/0c97fc460.jpg,163,0,332,767,ship
input/train_v2/0cc9def1b.jpg,619,0,718,767,ship
input/train_v2/0cd5f4006.jpg,330,0,407,767,ship
input/train_v2/0cf9a40c6.jpg,589,0,624,767,ship
input/train_v2/0cfc569cf.jpg,367,0,542,767,ship
input/train_v2/0cfddee49.jpg,74,0,83,767,ship
input/train_v2/0d0f80e85.jpg,384,0,542,767,ship
input/train_v2/0d37b626a.jpg,481,0,767,767,ship
input/train_v2/0d4704282.jpg,72,0,121,767,ship
input/train_v2/0d5b4a0c3.jpg,524,0,630,767,ship
input/train_v2/0d9d2814d.jpg,501,0,551,767,ship
input/train_v2/0dd4875cc.jpg,620,0,732,767,ship
input/train_v2/0dec35751.jpg,332,0,405,767,ship
input/train_v2/0df9cc157.jpg,132,0,153,767,ship
input/train_v2/0e272e276.jpg,232,0,295,767,ship
input/train_v2/0e61d4fa0.jpg,338,0,398,767,ship
input/train_v2/0eb16bc84.jpg,603,0,720,767,ship
input/train_v2/0efa2dc13.jpg,661,0,715,767,ship
input/train_v2/0efbf3431.jpg,652,0,689,767,ship
input/train_v2/0f1e0b157.jpg,570,0,730,767,ship
input/train_v2/1081543bd.jpg,50,0,107,767,ship
input/train_v2/10a775033.jpg,717,0,760,767,ship
input/train_v2/10ff6f36e.jpg,327,0,464,767,ship
input/train_v2/114590203.jpg,161,0,168,767,ship
input/train_v2/1152db6b3.jpg,410,0,617,767,ship
input/train_v2/118868c65.jpg,514,0,685,767,ship
input/train_v2/119b077bb.jpg,42,0,326,767,ship
input/train_v2/11a8b23f4.jpg,226,0,391,767,ship
input/train_v2/11b559b85.jpg,510,0,697,767,ship
input/train_v2/11d763e89.jpg,551,0,767,767,ship
input/train_v2/123c8dee3.jpg,143,0,198,767,ship
input/train_v2/12ab97857.jpg,337,0,481,767,ship
input/train_v2/130e030fe.jpg,200,0,303,767,ship
input/train_v2/134c8ead9.jpg,676,0,768,767,ship
input/train_v2/14048ea48.jpg,598,0,736,767,ship
input/train_v2/143aa3c0e.jpg,256,0,433,767,ship
input/train_v2/15462eaca.jpg,157,0,310,767,ship
input/train_v2/15483d5e8.jpg,648,0,757,767,ship
input/train_v2/1574f0e27.jpg,477,0,494,767,ship
input/train_v2/159307c0b.jpg,127,0,133,767,ship
input/train_v2/1597d835d.jpg,624,0,737,767,ship
input/train_v2/15bb3c734.jpg,635,0,668,767,ship
input/train_v2/15c1347cd.jpg,334,0,663,767,ship
input/train_v2/160b2ac60.jpg,425,0,659,767,ship
input/train_v2/160d1b5ec.jpg,316,0,400,767,ship
input/train_v2/16a16d51e.jpg,264,0,340,767,ship
input/train_v2/16ab92d0e.jpg,434,0,555,767,ship
input/train_v2/16c19acb2.jpg,207,0,236,767,ship
input/train_v2/16c19acb2.jpg,264,0,287,767,ship
input/train_v2/16c19acb2.jpg,186,0,213,767,ship
input/train_v2/16c19acb2.jpg,283,0,306,767,ship
input/train_v2/1726d40b1.jpg,224,0,246,767,ship
input/train_v2/1762993f7.jpg,694,0,705,767,ship
input/train_v2/178f2e73a.jpg,348,0,391,767,ship
input/train_v2/17a7bd8f1.jpg,77,0,149,767,ship
input/train_v2/17cace515.jpg,9,0,248,767,ship
input/train_v2/17d89e751.jpg,267,0,363,767,ship
input/train_v2/181af71bb.jpg,151,0,177,767,ship
input/train_v2/18cf55e7a.jpg,379,0,399,767,ship
input/train_v2/18d31d235.jpg,67,0,115,767,ship
input/train_v2/193143bfe.jpg,408,0,430,767,ship
input/train_v2/197132725.jpg,652,0,669,767,ship
input/train_v2/19dfc4c92.jpg,221,0,226,767,ship
input/train_v2/1a3862605.jpg,574,0,593,767,ship
input/train_v2/1a477a62f.jpg,68,0,206,767,ship
input/train_v2/1a7f96254.jpg,360,0,369,767,ship
input/train_v2/1a9b517df.jpg,482,0,647,767,ship
input/train_v2/1b57b1875.jpg,230,0,283,767,ship
input/train_v2/1c37f4bf4.jpg,431,0,459,767,ship
input/train_v2/1c4a1a0f9.jpg,403,0,416,767,ship
input/train_v2/1c5b79839.jpg,200,0,255,767,ship
input/train_v2/1c70ee306.jpg,637,0,681,767,ship
input/train_v2/1c885d94b.jpg,168,0,190,767,ship
input/train_v2/1caad9a73.jpg,337,0,607,767,ship
input/train_v2/1ccc842a9.jpg,244,0,271,767,ship
input/train_v2/1cfb5cf67.jpg,348,0,571,767,ship
input/train_v2/1d17955de.jpg,331,0,526,767,ship
input/train_v2/1d4793c54.jpg,364,0,476,767,ship
input/train_v2/1d816fa9f.jpg,335,0,363,767,ship
input/train_v2/1e7e2b4b8.jpg,729,0,750,767,ship
input/train_v2/1eb305c09.jpg,251,0,525,767,ship
input/train_v2/1f38cf87c.jpg,454,0,534,767,ship
input/train_v2/1f6553c8d.jpg,398,0,421,767,ship
input/train_v2/1f8426fb5.jpg,13,0,119,767,ship
input/train_v2/1fc060735.jpg,130,0,191,767,ship
input/train_v2/1fc45e44c.jpg,98,0,143,767,ship
input/train_v2/2006109f4.jpg,495,0,538,767,ship
input/train_v2/2020dab4a.jpg,418,0,596,767,ship
input/train_v2/2072dbce2.jpg,560,0,627,767,ship
input/train_v2/207896baf.jpg,473,0,676,767,ship
input/train_v2/207d91f6e.jpg,571,0,614,767,ship
input/train_v2/20888f78c.jpg,214,0,376,767,ship
input/train_v2/20f4a1ba3.jpg,22,0,181,767,ship
input/train_v2/20ffe869f.jpg,649,0,749,767,ship
input/train_v2/211721278.jpg,691,0,715,767,ship
input/train_v2/212222c7f.jpg,168,0,259,767,ship
input/train_v2/213861991.jpg,182,0,309,767,ship
input/train_v2/213ed55c2.jpg,483,0,558,767,ship
input/train_v2/2157726c4.jpg,254,0,269,767,ship
input/train_v2/215db208f.jpg,36,0,53,767,ship
input/train_v2/215ff223d.jpg,748,0,757,767,ship
input/train_v2/2179f4538.jpg,61,0,300,767,ship
input/train_v2/21a4dd6f1.jpg,520,0,709,767,ship
input/train_v2/21a52d82a.jpg,294,0,347,767,ship
input/train_v2/21ad03474.jpg,356,0,559,767,ship
input/train_v2/21ba649a5.jpg,572,0,656,767,ship
input/train_v2/21cca1679.jpg,309,0,433,767,ship
input/train_v2/21f1e205c.jpg,696,0,714,767,ship
input/train_v2/21fbda3ac.jpg,219,0,279,767,ship
input/train_v2/2212d9091.jpg,138,0,146,767,ship
input/train_v2/222ec40d0.jpg,422,0,495,767,ship
input/train_v2/22961e967.jpg,140,0,179,767,ship
input/train_v2/2296fb360.jpg,333,0,477,767,ship
input/train_v2/22a4fe954.jpg,554,0,760,767,ship
input/train_v2/22b0f7c6e.jpg,253,0,422,767,ship
input/train_v2/22f034939.jpg,11,0,107,767,ship
input/train_v2/23110ee56.jpg,267,0,300,767,ship
input/train_v2/2331f8ef2.jpg,429,0,442,767,ship
input/train_v2/234869978.jpg,303,0,453,767,ship
input/train_v2/235a666aa.jpg,420,0,533,767,ship
input/train_v2/2386d34f7.jpg,296,0,558,767,ship
input/train_v2/23daeb504.jpg,524,0,585,767,ship
input/train_v2/23fe98154.jpg,555,0,563,767,ship
input/train_v2/2400bea19.jpg,362,0,475,767,ship
input/train_v2/240bca9c0.jpg,270,0,321,767,ship
input/train_v2/2427a7176.jpg,91,0,241,767,ship
input/train_v2/244a81e0e.jpg,655,0,710,767,ship
input/train_v2/246a373a7.jpg,310,0,393,767,ship
input/train_v2/24cd29239.jpg,161,0,276,767,ship
input/train_v2/2509b1f50.jpg,656,0,671,767,ship
input/train_v2/2509b1f50.jpg,637,0,661,767,ship
input/train_v2/2598f49cd.jpg,699,0,720,767,ship
input/train_v2/259c985dd.jpg,373,0,544,767,ship
input/train_v2/2670cc7e6.jpg,262,0,422,767,ship
input/train_v2/26870caf8.jpg,100,0,151,767,ship
input/train_v2/2699bd34d.jpg,642,0,741,767,ship
input/train_v2/26dfc4b18.jpg,367,0,377,767,ship
input/train_v2/26f0491b2.jpg,234,0,322,767,ship
input/train_v2/26fc89fbd.jpg,582,0,701,767,ship
input/train_v2/27353ef2b.jpg,629,0,739,767,ship
input/train_v2/273f9af5b.jpg,523,0,603,767,ship
input/train_v2/275e37793.jpg,588,0,685,767,ship
input/train_v2/276f987d3.jpg,635,0,715,767,ship
input/train_v2/27727de71.jpg,111,0,286,767,ship
input/train_v2/27e8d09ef.jpg,13,0,24,767,ship
input/train_v2/2805b3bc7.jpg,659,0,672,767,ship
input/train_v2/28253c1d9.jpg,454,0,575,767,ship
input/train_v2/286211ae7.jpg,249,0,320,767,ship
input/train_v2/286ed3308.jpg,496,0,524,767,ship
input/train_v2/287c8a624.jpg,26,0,115,767,ship
input/train_v2/28dabb88b.jpg,276,0,561,767,ship
input/train_v2/2930224ee.jpg,99,0,158,767,ship
input/train_v2/297758f82.jpg,228,0,244,767,ship
input/train_v2/299721167.jpg,333,0,405,767,ship
input/train_v2/2998aa196.jpg,275,0,355,767,ship
input/train_v2/29a1fd595.jpg,505,0,576,767,ship
input/train_v2/29c475be6.jpg,40,0,302,767,ship
input/train_v2/29c7e2de9.jpg,260,0,342,767,ship
input/train_v2/2a2b9a2b6.jpg,486,0,539,767,ship
input/train_v2/2a356d3ab.jpg,578,0,587,767,ship
input/train_v2/2a8b0df44.jpg,615,0,731,767,ship
input/train_v2/2a90b7a6d.jpg,492,0,515,767,ship
input/train_v2/2aacf2e71.jpg,668,0,685,767,ship
input/train_v2/2ac2ec433.jpg,252,0,473,767,ship
input/train_v2/2af1bd87c.jpg,535,0,688,767,ship
input/train_v2/2ba2b4b85.jpg,424,0,446,767,ship
input/train_v2/2bc826e79.jpg,353,0,642,767,ship
input/train_v2/2be159856.jpg,74,0,166,767,ship
input/train_v2/2befea7cb.jpg,442,0,481,767,ship
input/train_v2/2c10b281c.jpg,52,0,89,767,ship
input/train_v2/2c520f8c6.jpg,128,0,177,767,ship
input/train_v2/2c59a7f50.jpg,635,0,673,767,ship
input/train_v2/2c59a7f50.jpg,173,0,186,767,ship
input/train_v2/2c624daf4.jpg,267,0,478,767,ship
input/train_v2/2c62e9d6d.jpg,84,0,107,767,ship
input/train_v2/2c696bc10.jpg,122,0,204,767,ship
input/train_v2/2c7b995c4.jpg,31,0,141,767,ship
input/train_v2/2d03126f2.jpg,371,0,479,767,ship
input/train_v2/2d05e27dc.jpg,238,0,255,767,ship
input/train_v2/2d7da944e.jpg,2,0,157,767,ship
input/train_v2/2d82c7dc7.jpg,308,0,454,767,ship
input/train_v2/2d84fc2eb.jpg,715,0,729,767,ship
input/train_v2/2e032fdd6.jpg,608,0,764,767,ship
input/train_v2/2e18b75c3.jpg,53,0,136,767,ship
input/train_v2/2e355e2e0.jpg,278,0,437,767,ship
input/train_v2/2e50cd804.jpg,309,0,392,767,ship
input/train_v2/2e7b0914f.jpg,690,0,712,767,ship
input/train_v2/2eacc95af.jpg,128,0,309,767,ship
input/train_v2/2f22d8b01.jpg,203,0,217,767,ship
input/train_v2/2ff0d9fa0.jpg,386,0,587,767,ship
input/train_v2/2ff0d9fa0.jpg,421,0,570,767,ship
input/train_v2/305ab21f2.jpg,9,0,141,767,ship
input/train_v2/30e4651de.jpg,324,0,462,767,ship
input/train_v2/30f60b789.jpg,666,0,676,767,ship
input/train_v2/3105c0420.jpg,692,0,723,767,ship
input/train_v2/31a6a5ed5.jpg,153,0,181,767,ship
input/train_v2/31ce4b895.jpg,409,0,482,767,ship
input/train_v2/31e20275c.jpg,235,0,285,767,ship
input/train_v2/32197225e.jpg,57,0,170,767,ship
input/train_v2/3238b10a4.jpg,166,0,233,767,ship
input/train_v2/331ca6f3b.jpg,680,0,768,767,ship
input/train_v2/332191598.jpg,393,0,493,767,ship
input/train_v2/3387efb0d.jpg,193,0,269,767,ship
input/train_v2/33b931b4d.jpg,305,0,341,767,ship
input/train_v2/33f0be754.jpg,242,0,255,767,ship
input/train_v2/33f193c45.jpg,376,0,482,767,ship
input/train_v2/3418d0984.jpg,180,0,305,767,ship
input/train_v2/3440823c3.jpg,100,0,303,767,ship
input/train_v2/34a097ff2.jpg,649,0,739,767,ship
input/train_v2/34f7656c1.jpg,292,0,419,767,ship
input/train_v2/35016c5e9.jpg,518,0,649,767,ship
input/train_v2/3507f75cd.jpg,246,0,257,767,ship
input/train_v2/354cd2d58.jpg,364,0,648,767,ship
input/train_v2/35a629fb2.jpg,719,0,738,767,ship
input/train_v2/35f319f99.jpg,330,0,422,767,ship
input/train_v2/363fbd8e9.jpg,58,0,298,767,ship
input/train_v2/366f0d8f2.jpg,521,0,544,767,ship
input/train_v2/366f8da4b.jpg,196,0,347,767,ship
input/train_v2/3695056c3.jpg,179,0,188,767,ship
input/train_v2/36abb1696.jpg,232,0,329,767,ship
input/train_v2/36c6bbe43.jpg,1,0,239,767,ship
input/train_v2/36f618325.jpg,543,0,653,767,ship
input/train_v2/36fbd2521.jpg,239,0,282,767,ship
input/train_v2/373691c2a.jpg,686,0,726,767,ship
input/train_v2/374ed900b.jpg,410,0,664,767,ship
input/train_v2/378aef96e.jpg,491,0,541,767,ship
input/train_v2/37d2e27f2.jpg,371,0,610,767,ship
input/train_v2/384c31508.jpg,568,0,697,767,ship
input/train_v2/3852ebf7c.jpg,384,0,433,767,ship
input/train_v2/38f681eb1.jpg,490,0,578,767,ship
input/train_v2/3929f0d36.jpg,296,0,522,767,ship
input/train_v2/3935f67f5.jpg,265,0,504,767,ship
input/train_v2/3976b9946.jpg,609,0,726,767,ship
input/train_v2/397eb1604.jpg,665,0,726,767,ship
input/train_v2/3991e90be.jpg,740,0,751,767,ship
input/train_v2/39ce9b405.jpg,146,0,187,767,ship
input/train_v2/39ed33f23.jpg,3,0,14,767,ship
input/train_v2/3abea2796.jpg,51,0,202,767,ship
input/train_v2/3b1762c70.jpg,85,0,182,767,ship
input/train_v2/3b6341ad5.jpg,76,0,131,767,ship
input/train_v2/3b6aa514c.jpg,543,0,733,767,ship
input/train_v2/3bbb3b54b.jpg,488,0,521,767,ship
input/train_v2/3bbc673ee.jpg,500,0,745,767,ship
input/train_v2/3bde59320.jpg,518,0,550,767,ship
input/train_v2/3c7680fe3.jpg,224,0,508,767,ship
input/train_v2/3c85cc97a.jpg,297,0,378,767,ship
input/train_v2/3ce5ded0f.jpg,597,0,645,767,ship
input/train_v2/3ce7536ee.jpg,56,0,185,767,ship
input/train_v2/3d04d0e48.jpg,18,0,163,767,ship
input/train_v2/3d333a812.jpg,164,0,263,767,ship
input/train_v2/3dce4a975.jpg,137,0,237,767,ship
input/train_v2/3dfca07cc.jpg,112,0,327,767,ship
input/train_v2/3e2116393.jpg,14,0,27,767,ship
input/train_v2/3e491ae4d.jpg,287,0,349,767,ship
input/train_v2/3e5337f80.jpg,529,0,767,767,ship
input/train_v2/3edc388da.jpg,295,0,532,767,ship
input/train_v2/3f1295f2f.jpg,538,0,550,767,ship
input/train_v2/3f1367832.jpg,473,0,494,767,ship
input/train_v2/3f7949b21.jpg,660,0,739,767,ship
input/train_v2/3fb3ef762.jpg,396,0,442,767,ship
input/train_v2/3fbd04335.jpg,491,0,559,767,ship
input/train_v2/3fbd121eb.jpg,568,0,631,767,ship
input/train_v2/3feaa0996.jpg,90,0,104,767,ship
input/train_v2/3feaa0996.jpg,26,0,41,767,ship
input/train_v2/407193288.jpg,609,0,646,767,ship
input/train_v2/40728fd47.jpg,719,0,748,767,ship
input/train_v2/40728fd47.jpg,698,0,725,767,ship
input/train_v2/408dba9a5.jpg,509,0,678,767,ship
input/train_v2/40e560f32.jpg,106,0,197,767,ship
input/train_v2/40f5e3905.jpg,614,0,768,767,ship
input/train_v2/41c41df8d.jpg,298,0,504,767,ship
input/train_v2/420cc5204.jpg,673,0,727,767,ship
input/train_v2/427ada329.jpg,3,0,21,767,ship
input/train_v2/4281b2a16.jpg,416,0,610,767,ship
input/train_v2/42aad9517.jpg,380,0,386,767,ship
input/train_v2/42afdde16.jpg,239,0,493,767,ship
input/train_v2/42eaf66f5.jpg,259,0,270,767,ship
input/train_v2/42eb49472.jpg,402,0,443,767,ship
input/train_v2/42f5178a1.jpg,342,0,429,767,ship
input/train_v2/432e5aa76.jpg,220,0,271,767,ship
input/train_v2/437d41914.jpg,744,0,768,767,ship
input/train_v2/441cf4d9c.jpg,249,0,324,767,ship
input/train_v2/4421ff8c9.jpg,606,0,690,767,ship
input/train_v2/4448e76bb.jpg,667,0,754,767,ship
input/train_v2/4474aa949.jpg,41,0,126,767,ship
input/train_v2/44e8a9899.jpg,357,0,386,767,ship
input/train_v2/4501f12bc.jpg,230,0,298,767,ship
input/train_v2/4516dc547.jpg,206,0,454,767,ship
input/train_v2/4522d517d.jpg,520,0,596,767,ship
input/train_v2/455189721.jpg,610,0,655,767,ship
input/train_v2/4573befa3.jpg,28,0,60,767,ship
input/train_v2/4590ff049.jpg,522,0,573,767,ship
input/train_v2/459a7e591.jpg,487,0,625,767,ship
input/train_v2/45dfca588.jpg,262,0,294,767,ship
input/train_v2/4655f8793.jpg,594,0,654,767,ship
input/train_v2/4664af3c8.jpg,417,0,471,767,ship
input/train_v2/46afdfd98.jpg,624,0,650,767,ship
input/train_v2/46de59828.jpg,332,0,387,767,ship
input/train_v2/470d239f3.jpg,100,0,160,767,ship
input/train_v2/470d85f42.jpg,47,0,281,767,ship
input/train_v2/47469a56b.jpg,353,0,470,767,ship
input/train_v2/475db6fe8.jpg,404,0,483,767,ship
input/train_v2/476aec865.jpg,677,0,744,767,ship
input/train_v2/4780ca69d.jpg,583,0,642,767,ship
input/train_v2/47a2287e5.jpg,269,0,404,767,ship
input/train_v2/47c724b45.jpg,654,0,677,767,ship
input/train_v2/4810e570f.jpg,552,0,655,767,ship
input/train_v2/481da422c.jpg,258,0,429,767,ship
input/train_v2/484f4fb31.jpg,691,0,734,767,ship
input/train_v2/486379370.jpg,36,0,177,767,ship
input/train_v2/48786545b.jpg,312,0,330,767,ship
input/train_v2/487cdc0ed.jpg,20,0,305,767,ship
input/train_v2/48aa4f0e0.jpg,320,0,392,767,ship
input/train_v2/48c2b0062.jpg,71,0,208,767,ship
input/train_v2/48e460c2e.jpg,189,0,343,767,ship
input/train_v2/490bdd015.jpg,170,0,326,767,ship
input/train_v2/49633974a.jpg,452,0,603,767,ship
input/train_v2/496c26b75.jpg,250,0,273,767,ship
input/train_v2/4981ca506.jpg,291,0,449,767,ship
input/train_v2/4a06f9233.jpg,465,0,491,767,ship
input/train_v2/4a14b1c73.jpg,576,0,590,767,ship
input/train_v2/4a2d0a8fc.jpg,341,0,549,767,ship
input/train_v2/4a7342a52.jpg,287,0,397,767,ship
input/train_v2/4ade6b19c.jpg,221,0,230,767,ship
input/train_v2/4afd2ea9a.jpg,466,0,767,767,ship
input/train_v2/4b3abafd8.jpg,109,0,299,767,ship
input/train_v2/4bba40cc3.jpg,161,0,177,767,ship
input/train_v2/4be419fe6.jpg,130,0,229,767,ship
input/train_v2/4c0c8bc0c.jpg,526,0,613,767,ship
input/train_v2/4c57414be.jpg,364,0,489,767,ship
input/train_v2/4c86b4e24.jpg,547,0,705,767,ship
input/train_v2/4c8ed2e12.jpg,463,0,510,767,ship
input/train_v2/4d2d16568.jpg,421,0,481,767,ship
input/train_v2/4d50740f6.jpg,466,0,741,767,ship
input/train_v2/4d827089a.jpg,493,0,564,767,ship
input/train_v2/4dc07a00e.jpg,290,0,298,767,ship
input/train_v2/4dc07a00e.jpg,285,0,290,767,ship
input/train_v2/4dc4256dd.jpg,283,0,302,767,ship
input/train_v2/4dd245194.jpg,31,0,260,767,ship
input/train_v2/4e39a2e5a.jpg,21,0,35,767,ship
input/train_v2/4e515e5c3.jpg,9,0,337,767,ship
input/train_v2/4ed854632.jpg,639,0,768,767,ship
input/train_v2/4f210a6b7.jpg,733,0,738,767,ship
input/train_v2/4f299f0fe.jpg,0,0,156,767,ship
input/train_v2/4f80c66aa.jpg,694,0,736,767,ship
input/train_v2/4fbd89a2a.jpg,210,0,513,767,ship
input/train_v2/4fce36d16.jpg,228,0,441,767,ship
input/train_v2/4fe4270cd.jpg,165,0,225,767,ship
input/train_v2/4fe801477.jpg,290,0,512,767,ship
input/train_v2/5021a06c2.jpg,712,0,767,767,ship
input/train_v2/503ac5b28.jpg,312,0,427,767,ship
input/train_v2/504974b84.jpg,440,0,455,767,ship
input/train_v2/50aa4e572.jpg,439,0,483,767,ship
input/train_v2/50afe6fac.jpg,0,0,223,767,ship
input/train_v2/51021d5ab.jpg,91,0,334,767,ship
input/train_v2/514627d55.jpg,574,0,742,767,ship
input/train_v2/51a098674.jpg,528,0,536,767,ship
input/train_v2/51c8a9f01.jpg,166,0,197,767,ship
input/train_v2/525b98915.jpg,334,0,420,767,ship
input/train_v2/52ce5d4d9.jpg,247,0,343,767,ship
input/train_v2/52d416ad6.jpg,358,0,521,767,ship
input/train_v2/52de5d9c9.jpg,333,0,368,767,ship
input/train_v2/534659a03.jpg,34,0,256,767,ship
input/train_v2/53764bd46.jpg,0,0,35,767,ship
input/train_v2/53b071ac8.jpg,157,0,173,767,ship
input/train_v2/53b3c86ed.jpg,8,0,197,767,ship
input/train_v2/53d40f2a4.jpg,413,0,441,767,ship
input/train_v2/541f58ebc.jpg,644,0,714,767,ship
input/train_v2/542f1820b.jpg,152,0,213,767,ship
input/train_v2/542f1820b.jpg,497,0,566,767,ship
input/train_v2/547020417.jpg,417,0,567,767,ship
input/train_v2/5492d1801.jpg,148,0,227,767,ship
input/train_v2/54b526acc.jpg,104,0,200,767,ship
input/train_v2/54dbb7da3.jpg,646,0,757,767,ship
input/train_v2/55053a460.jpg,164,0,296,767,ship
input/train_v2/552bcba4f.jpg,132,0,202,767,ship
input/train_v2/5560ef7d2.jpg,84,0,122,767,ship
input/train_v2/55bc49e6f.jpg,494,0,507,767,ship
input/train_v2/55d5cf84a.jpg,44,0,145,767,ship
input/train_v2/55e9f6203.jpg,532,0,767,767,ship
input/train_v2/55f140f76.jpg,521,0,653,767,ship
input/train_v2/56178ee20.jpg,27,0,50,767,ship
input/train_v2/56178ee20.jpg,8,0,31,767,ship
input/train_v2/562d5a575.jpg,548,0,714,767,ship
input/train_v2/56acb5a0d.jpg,392,0,401,767,ship
input/train_v2/56b007876.jpg,620,0,745,767,ship
input/train_v2/570fec891.jpg,696,0,723,767,ship
input/train_v2/571cc79b6.jpg,677,0,737,767,ship
input/train_v2/572ac7307.jpg,0,0,237,767,ship
input/train_v2/57eeb60be.jpg,59,0,186,767,ship
input/train_v2/57eeb60be.jpg,9,0,157,767,ship
input/train_v2/58132f5da.jpg,4,0,11,767,ship
input/train_v2/5813dd86a.jpg,367,0,456,767,ship
input/train_v2/584ca054a.jpg,374,0,506,767,ship
input/train_v2/586490714.jpg,499,0,556,767,ship
input/train_v2/586e5bac1.jpg,164,0,202,767,ship
input/train_v2/59098d6c3.jpg,0,0,269,767,ship
input/train_v2/5991b90b7.jpg,427,0,434,767,ship
input/train_v2/59a121452.jpg,476,0,527,767,ship
input/train_v2/59b0d98a7.jpg,514,0,674,767,ship
input/train_v2/5a2c32bee.jpg,287,0,314,767,ship
input/train_v2/5a4c58bee.jpg,582,0,609,767,ship
input/train_v2/5aa09061b.jpg,466,0,735,767,ship
input/train_v2/5acee1b08.jpg,487,0,692,767,ship
input/train_v2/5b38976bf.jpg,0,0,150,767,ship
input/train_v2/5b556254f.jpg,142,0,330,767,ship
input/train_v2/5b6236ed1.jpg,611,0,617,767,ship
input/train_v2/5bb535349.jpg,292,0,309,767,ship
input/train_v2/5bd36cbf5.jpg,0,0,103,767,ship
input/train_v2/5c5326f1c.jpg,284,0,332,767,ship
input/train_v2/5c709c06f.jpg,453,0,503,767,ship
input/train_v2/5c996e305.jpg,0,0,73,767,ship
input/train_v2/5d3e4597a.jpg,307,0,458,767,ship
input/train_v2/5d518d410.jpg,507,0,767,767,ship
input/train_v2/5d7497984.jpg,697,0,768,767,ship
input/train_v2/5d8477a37.jpg,496,0,541,767,ship
input/train_v2/5d8ce8ab9.jpg,330,0,339,767,ship
input/train_v2/5dc4a3de2.jpg,597,0,694,767,ship
input/train_v2/5dee41767.jpg,86,0,301,767,ship
input/train_v2/5df60575d.jpg,272,0,280,767,ship
input/train_v2/5e17d1d50.jpg,462,0,710,767,ship
input/train_v2/5e76f1c26.jpg,632,0,738,767,ship
input/train_v2/5e8a80412.jpg,510,0,607,767,ship
input/train_v2/5e9592e87.jpg,463,0,486,767,ship
input/train_v2/5f208dc11.jpg,304,0,356,767,ship
input/train_v2/5f3952848.jpg,101,0,130,767,ship
input/train_v2/5f3f2361c.jpg,474,0,570,767,ship
input/train_v2/5f4ad3032.jpg,480,0,502,767,ship
input/train_v2/6019f7f99.jpg,597,0,767,767,ship
input/train_v2/6046848af.jpg,74,0,93,767,ship
input/train_v2/6074c6a4b.jpg,539,0,562,767,ship
input/train_v2/6074c6a4b.jpg,463,0,492,767,ship
input/train_v2/6074c6a4b.jpg,442,0,469,767,ship
input/train_v2/6074c6a4b.jpg,520,0,543,767,ship
input/train_v2/60fca886c.jpg,219,0,307,767,ship
input/train_v2/610154184.jpg,699,0,727,767,ship
input/train_v2/610154184.jpg,721,0,750,767,ship
input/train_v2/6118051f1.jpg,77,0,125,767,ship
input/train_v2/613017e14.jpg,350,0,434,767,ship
input/train_v2/6137bf7ee.jpg,384,0,622,767,ship
input/train_v2/6143dac57.jpg,240,0,285,767,ship
input/train_v2/6192d732b.jpg,493,0,557,767,ship
input/train_v2/619b223e7.jpg,668,0,710,767,ship
input/train_v2/6232c4607.jpg,568,0,602,767,ship
input/train_v2/625d3a522.jpg,368,0,593,767,ship
input/train_v2/6273bb66f.jpg,545,0,607,767,ship
input/train_v2/62bb9b5ca.jpg,328,0,334,767,ship
input/train_v2/62c39a33b.jpg,580,0,718,767,ship
input/train_v2/63081e4bd.jpg,0,0,118,767,ship
input/train_v2/630aaf61b.jpg,285,0,292,767,ship
input/train_v2/639a101eb.jpg,388,0,495,767,ship
input/train_v2/63cbc255d.jpg,419,0,497,767,ship
input/train_v2/63dd0612a.jpg,495,0,749,767,ship
input/train_v2/6449acd02.jpg,456,0,511,767,ship
input/train_v2/64544f73c.jpg,512,0,671,767,ship
input/train_v2/6498c5e67.jpg,585,0,656,767,ship
input/train_v2/64e4d71e0.jpg,533,0,547,767,ship
input/train_v2/654a92123.jpg,488,0,523,767,ship
input/train_v2/654a92123.jpg,529,0,562,767,ship
input/train_v2/654a92123.jpg,551,0,577,767,ship
input/train_v2/654a92123.jpg,568,0,599,767,ship
input/train_v2/654a92123.jpg,466,0,502,767,ship
input/train_v2/65504e6d2.jpg,294,0,539,767,ship
input/train_v2/656ac6382.jpg,343,0,424,767,ship
input/train_v2/6649b3107.jpg,540,0,572,767,ship
input/train_v2/668086b77.jpg,640,0,689,767,ship
input/train_v2/669d606f2.jpg,185,0,258,767,ship
input/train_v2/66be496d2.jpg,255,0,269,767,ship
input/train_v2/66cdc35e5.jpg,693,0,767,767,ship
input/train_v2/66dda756a.jpg,286,0,356,767,ship
input/train_v2/66f1735ba.jpg,618,0,635,767,ship
input/train_v2/671696b2f.jpg,0,0,64,767,ship
input/train_v2/67203a45c.jpg,381,0,425,767,ship
input/train_v2/6728a039c.jpg,490,0,735,767,ship
input/train_v2/675219edc.jpg,368,0,583,767,ship
input/train_v2/680a47e39.jpg,153,0,226,767,ship
input/train_v2/6834f213a.jpg,280,0,579,767,ship
input/train_v2/688aa86c8.jpg,501,0,516,767,ship
input/train_v2/68d9faaa7.jpg,106,0,219,767,ship
input/train_v2/698e4fd9c.jpg,151,0,309,767,ship
input/train_v2/69aa9f0f4.jpg,427,0,475,767,ship
input/train_v2/6a76c5aee.jpg,438,0,480,767,ship
input/train_v2/6a8833b0a.jpg,74,0,166,767,ship
input/train_v2/6b0f12d67.jpg,78,0,99,767,ship
input/train_v2/6b29603fe.jpg,460,0,473,767,ship
input/train_v2/6b8022480.jpg,289,0,316,767,ship
input/train_v2/6b8022480.jpg,179,0,203,767,ship
input/train_v2/6b8022480.jpg,268,0,296,767,ship
input/train_v2/6beb2f582.jpg,441,0,514,767,ship
input/train_v2/6c222d61f.jpg,546,0,689,767,ship
input/train_v2/6ca1e3394.jpg,678,0,751,767,ship
input/train_v2/6cc34bb44.jpg,554,0,661,767,ship
input/train_v2/6cfeebc63.jpg,438,0,530,767,ship
input/train_v2/6cfeebc63.jpg,446,0,631,767,ship
input/train_v2/6d0299c66.jpg,598,0,736,767,ship
input/train_v2/6d2a5e589.jpg,209,0,235,767,ship
input/train_v2/6d84c5d91.jpg,130,0,331,767,ship
input/train_v2/6d84c5d91.jpg,165,0,314,767,ship
input/train_v2/6dc50c792.jpg,665,0,738,767,ship
input/train_v2/6df5e4fd7.jpg,66,0,253,767,ship
input/train_v2/6e01512ea.jpg,173,0,323,767,ship
input/train_v2/6e170eddb.jpg,10,0,188,767,ship
input/train_v2/6e17e740b.jpg,304,0,371,767,ship
input/train_v2/6e3a2da66.jpg,323,0,371,767,ship
input/train_v2/6e997f3d0.jpg,374,0,405,767,ship
input/train_v2/6ef1a6f33.jpg,20,0,42,767,ship
input/train_v2/6f19ef126.jpg,536,0,555,767,ship
input/train_v2/6f1a70a31.jpg,359,0,475,767,ship
input/train_v2/6f7524afd.jpg,353,0,519,767,ship
input/train_v2/6f8105e3e.jpg,365,0,555,767,ship
input/train_v2/702aa1b5a.jpg,152,0,174,767,ship
input/train_v2/708477811.jpg,224,0,276,767,ship
input/train_v2/7094de2ba.jpg,31,0,193,767,ship
input/train_v2/70a27e218.jpg,72,0,317,767,ship
input/train_v2/70a62f988.jpg,355,0,414,767,ship
input/train_v2/70da34136.jpg,270,0,283,767,ship
input/train_v2/713602778.jpg,565,0,689,767,ship
input/train_v2/717a46fbc.jpg,184,0,199,767,ship
input/train_v2/71be67764.jpg,518,0,632,767,ship
input/train_v2/71e3380f1.jpg,259,0,277,767,ship
input/train_v2/72798a561.jpg,0,0,174,767,ship
input/train_v2/729eea605.jpg,251,0,383,767,ship
input/train_v2/72c3f52b9.jpg,542,0,612,767,ship
input/train_v2/73c298b3e.jpg,289,0,351,767,ship
input/train_v2/73c34faed.jpg,683,0,731,767,ship
input/train_v2/73cbc5165.jpg,548,0,614,767,ship
input/train_v2/74016916f.jpg,184,0,202,767,ship
input/train_v2/7411144f6.jpg,85,0,293,767,ship
input/train_v2/7469186ac.jpg,141,0,158,767,ship
input/train_v2/7482f400a.jpg,696,0,711,767,ship
input/train_v2/74c07e98e.jpg,571,0,698,767,ship
input/train_v2/74c07e98e.jpg,521,0,669,767,ship
input/train_v2/74f8dd4e7.jpg,546,0,554,767,ship
input/train_v2/74f8dd4e7.jpg,541,0,546,767,ship
input/train_v2/7503a035b.jpg,470,0,632,767,ship
input/train_v2/750598ee0.jpg,236,0,276,767,ship
input/train_v2/7505a192f.jpg,181,0,290,767,ship
input/train_v2/7508bcdde.jpg,287,0,477,767,ship
input/train_v2/7550c2d9b.jpg,354,0,366,767,ship
input/train_v2/755379088.jpg,196,0,209,767,ship
input/train_v2/75e8ed251.jpg,644,0,665,767,ship
input/train_v2/75f032bee.jpg,529,0,576,767,ship
input/train_v2/75f1022b4.jpg,167,0,317,767,ship
input/train_v2/767891089.jpg,607,0,664,767,ship
input/train_v2/767b25f52.jpg,437,0,629,767,ship
input/train_v2/769a1f5b3.jpg,211,0,265,767,ship
input/train_v2/76a8381e4.jpg,215,0,366,767,ship
input/train_v2/770c007c9.jpg,108,0,430,767,ship
input/train_v2/770fb5b8c.jpg,340,0,363,767,ship
input/train_v2/774680fd3.jpg,207,0,226,767,ship
input/train_v2/776de5ce8.jpg,178,0,200,767,ship
input/train_v2/7782a2d44.jpg,246,0,394,767,ship
input/train_v2/778ee7744.jpg,48,0,72,767,ship
input/train_v2/77dc7bf31.jpg,754,0,767,767,ship
input/train_v2/77ea99db8.jpg,398,0,586,767,ship
input/train_v2/77f10be8d.jpg,593,0,616,767,ship
input/train_v2/7850218dd.jpg,243,0,300,767,ship
input/train_v2/7861943df.jpg,219,0,306,767,ship
input/train_v2/78675673d.jpg,475,0,749,767,ship
input/train_v2/786bd41fc.jpg,645,0,689,767,ship
input/train_v2/788051e21.jpg,607,0,734,767,ship
input/train_v2/7984cee5f.jpg,185,0,295,767,ship
input/train_v2/799a7f732.jpg,624,0,767,767,ship
input/train_v2/79e3d9373.jpg,220,0,260,767,ship
input/train_v2/79f11baab.jpg,488,0,585,767,ship
input/train_v2/7aa27882e.jpg,276,0,513,767,ship
input/train_v2/7ad4d3f2f.jpg,34,0,80,767,ship
input/train_v2/7ad7cb8b4.jpg,492,0,532,767,ship
input/train_v2/7b7fe4b0f.jpg,0,0,205,767,ship
input/train_v2/7bd3a77f3.jpg,611,0,690,767,ship
input/train_v2/7c268e65e.jpg,186,0,225,767,ship
input/train_v2/7c27e9e3b.jpg,347,0,464,767,ship
input/train_v2/7c3f681a8.jpg,154,0,408,767,ship
input/train_v2/7c792f1d9.jpg,138,0,165,767,ship
input/train_v2/7c9a8e27f.jpg,328,0,344,767,ship
input/train_v2/7ca1f0683.jpg,38,0,283,767,ship
input/train_v2/7ca331f03.jpg,140,0,174,767,ship
input/train_v2/7d35cf46b.jpg,40,0,266,767,ship
input/train_v2/7d4ad1275.jpg,526,0,534,767,ship
input/train_v2/7d4eeed30.jpg,732,0,767,767,ship
input/train_v2/7d9afc496.jpg,429,0,579,767,ship
input/train_v2/7dd6ae9c1.jpg,131,0,325,767,ship
input/train_v2/7e0d0ddb2.jpg,69,0,154,767,ship
input/train_v2/7e4cc5f5c.jpg,362,0,533,767,ship
input/train_v2/7ea52e90b.jpg,356,0,416,767,ship
input/train_v2/7f04d6275.jpg,204,0,210,767,ship
input/train_v2/7f0b4ed3d.jpg,83,0,180,767,ship
input/train_v2/7f267012c.jpg,437,0,446,767,ship
input/train_v2/7f3122b82.jpg,62,0,218,767,ship
input/train_v2/7f5457ba4.jpg,695,0,739,767,ship
input/train_v2/7f87c721d.jpg,181,0,250,767,ship
input/train_v2/7f9d77796.jpg,59,0,127,767,ship
input/train_v2/7fa305678.jpg,219,0,313,767,ship
input/train_v2/7fb5e543d.jpg,0,0,257,767,ship
input/train_v2/7fcc975bc.jpg,573,0,767,767,ship
input/train_v2/7fe11927b.jpg,351,0,408,767,ship
input/train_v2/80072835c.jpg,673,0,767,767,ship
input/train_v2/80298dc99.jpg,24,0,308,767,ship
input/train_v2/802a04391.jpg,36,0,307,767,ship
input/train_v2/8040a7a6e.jpg,0,0,177,767,ship
input/train_v2/806c3002b.jpg,378,0,460,767,ship
input/train_v2/809ee5490.jpg,339,0,436,767,ship
input/train_v2/80d238061.jpg,241,0,329,767,ship
input/train_v2/80f68abdb.jpg,530,0,767,767,ship
input/train_v2/810015cf4.jpg,413,0,429,767,ship
input/train_v2/812ad8bb1.jpg,546,0,767,767,ship
input/train_v2/818683cac.jpg,440,0,491,767,ship
input/train_v2/8196fa127.jpg,475,0,569,767,ship
input/train_v2/81cc3fd5f.jpg,318,0,486,767,ship
input/train_v2/81de2439b.jpg,600,0,609,767,ship
input/train_v2/81e46017c.jpg,182,0,263,767,ship
input/train_v2/81f736b5c.jpg,400,0,415,767,ship
input/train_v2/81f736b5c.jpg,381,0,405,767,ship
input/train_v2/81fd9b041.jpg,525,0,660,767,ship
input/train_v2/822ec0ec0.jpg,277,0,291,767,ship
input/train_v2/82e6fa321.jpg,635,0,655,767,ship
input/train_v2/8361192b5.jpg,566,0,610,767,ship
input/train_v2/836c17012.jpg,384,0,565,767,ship
input/train_v2/836ee60f3.jpg,56,0,144,767,ship
input/train_v2/839f10244.jpg,591,0,696,767,ship
input/train_v2/83ca7eae9.jpg,0,0,166,767,ship
input/train_v2/8424681c9.jpg,523,0,619,767,ship
input/train_v2/8434a32c0.jpg,618,0,709,767,ship
input/train_v2/843df7479.jpg,86,0,224,767,ship
input/train_v2/8487a1cce.jpg,511,0,525,767,ship
input/train_v2/848ae9a1d.jpg,0,0,127,767,ship
input/train_v2/85001a60a.jpg,310,0,354,767,ship
input/train_v2/8537cc064.jpg,590,0,676,767,ship
input/train_v2/854d587f3.jpg,480,0,586,767,ship
input/train_v2/857af5667.jpg,568,0,683,767,ship
input/train_v2/85b92aca1.jpg,98,0,110,767,ship
input/train_v2/85c3ab8f1.jpg,280,0,564,767,ship
input/train_v2/86935db1f.jpg,125,0,169,767,ship
input/train_v2/869492b90.jpg,584,0,590,767,ship
input/train_v2/86bacb75a.jpg,465,0,646,767,ship
input/train_v2/86e6af1a4.jpg,0,0,180,767,ship
input/train_v2/875e73156.jpg,104,0,120,767,ship
input/train_v2/87b0956c6.jpg,565,0,648,767,ship
input/train_v2/882fa226f.jpg,210,0,485,767,ship
input/train_v2/88426794d.jpg,294,0,325,767,ship
input/train_v2/889b9b2ed.jpg,2,0,64,767,ship
input/train_v2/88c12dc6e.jpg,423,0,573,767,ship
input/train_v2/88cbcbd2d.jpg,388,0,409,767,ship
input/train_v2/8941171b7.jpg,27,0,46,767,ship
input/train_v2/8a49afc15.jpg,136,0,245,767,ship
input/train_v2/8a789e51b.jpg,443,0,464,767,ship
input/train_v2/8a8950d97.jpg,554,0,571,767,ship
input/train_v2/8ab2118aa.jpg,408,0,437,767,ship
input/train_v2/8b34c590e.jpg,350,0,395,767,ship
input/train_v2/8b7e57a10.jpg,581,0,660,767,ship
input/train_v2/8bb6accca.jpg,124,0,130,767,ship
input/train_v2/8c31639c3.jpg,235,0,303,767,ship
input/train_v2/8c4be6a61.jpg,258,0,320,767,ship
input/train_v2/8c6ba3e17.jpg,86,0,224,767,ship
input/train_v2/8c7494081.jpg,325,0,350,767,ship
input/train_v2/8cf2e3de8.jpg,386,0,447,767,ship
input/train_v2/8d4723f69.jpg,512,0,689,767,ship
input/train_v2/8d83a4186.jpg,342,0,480,767,ship
input/train_v2/8d97f6304.jpg,341,0,438,767,ship
input/train_v2/8d9fb0916.jpg,308,0,345,767,ship
input/train_v2/8db89a8b7.jpg,154,0,361,767,ship
input/train_v2/8dc23da5a.jpg,198,0,319,767,ship
input/train_v2/8de55e4b5.jpg,52,0,108,767,ship
input/train_v2/8df9122f1.jpg,236,0,259,767,ship
input/train_v2/8e1304962.jpg,109,0,184,767,ship
input/train_v2/8e51e9290.jpg,262,0,344,767,ship
input/train_v2/8e64a08be.jpg,568,0,656,767,ship
input/train_v2/8e72bf9a2.jpg,475,0,562,767,ship
input/train_v2/8e84ccbe5.jpg,477,0,482,767,ship
input/train_v2/8efa49758.jpg,277,0,282,767,ship
input/train_v2/8f676aabe.jpg,57,0,159,767,ship
input/train_v2/8f6bea382.jpg,748,0,765,767,ship
input/train_v2/8f846f7dd.jpg,303,0,320,767,ship
input/train_v2/8fc4dd67d.jpg,658,0,699,767,ship
input/train_v2/901f83ce6.jpg,23,0,176,767,ship
input/train_v2/9059bdcdd.jpg,305,0,627,767,ship
input/train_v2/90667fe5b.jpg,147,0,185,767,ship
input/train_v2/909069de1.jpg,14,0,22,767,ship
input/train_v2/90970f57b.jpg,65,0,89,767,ship
input/train_v2/90ab3e0fc.jpg,360,0,376,767,ship
input/train_v2/9103929b7.jpg,0,0,237,767,ship
input/train_v2/911814f78.jpg,616,0,632,767,ship
input/train_v2/914244a77.jpg,595,0,692,767,ship
input/train_v2/9173170df.jpg,0,0,217,767,ship
input/train_v2/91922f852.jpg,161,0,184,767,ship
input/train_v2/91d070da0.jpg,318,0,337,767,ship
input/train_v2/91ec8a044.jpg,493,0,512,767,ship
input/train_v2/91efd7814.jpg,415,0,444,767,ship
input/train_v2/9267ed1a3.jpg,680,0,702,767,ship
input/train_v2/92ce62f12.jpg,95,0,165,767,ship
input/train_v2/92ddc95ac.jpg,552,0,767,767,ship
input/train_v2/92ddf603f.jpg,492,0,557,767,ship
input/train_v2/9327e998f.jpg,328,0,348,767,ship
input/train_v2/93290f954.jpg,237,0,301,767,ship
input/train_v2/9341d9cbe.jpg,205,0,233,767,ship
input/train_v2/93cc6c06c.jpg,276,0,298,767,ship
input/train_v2/9427c127a.jpg,45,0,175,767,ship
input/train_v2/9427c127a.jpg,0,0,148,767,ship
input/train_v2/943d0006b.jpg,0,0,138,767,ship
input/train_v2/946625fee.jpg,41,0,122,767,ship
input/train_v2/94acecf20.jpg,571,0,643,767,ship
input/train_v2/94b403b95.jpg,265,0,397,767,ship
input/train_v2/9515a948d.jpg,616,0,625,767,ship
input/train_v2/953007794.jpg,317,0,556,767,ship
input/train_v2/956bd9ba5.jpg,236,0,406,767,ship
input/train_v2/957240cfa.jpg,398,0,612,767,ship
input/train_v2/962299ce4.jpg,413,0,566,767,ship
input/train_v2/96596c0a5.jpg,452,0,465,767,ship
input/train_v2/966497d85.jpg,432,0,545,767,ship
input/train_v2/96b699a48.jpg,452,0,640,767,ship
input/train_v2/96ec1562e.jpg,543,0,570,767,ship
input/train_v2/9707b21b3.jpg,125,0,298,767,ship
input/train_v2/97554edef.jpg,31,0,58,767,ship
input/train_v2/9761c978a.jpg,418,0,632,767,ship
input/train_v2/97766d082.jpg,564,0,601,767,ship
input/train_v2/9795f3288.jpg,112,0,337,767,ship
input/train_v2/981ed6517.jpg,292,0,358,767,ship
input/train_v2/9820df610.jpg,703,0,715,767,ship
input/train_v2/98a94a0af.jpg,700,0,751,767,ship
input/train_v2/98b6d508c.jpg,0,0,13,767,ship
input/train_v2/98e226d69.jpg,476,0,516,767,ship
input/train_v2/98ed442f0.jpg,0,0,135,767,ship
input/train_v2/99247c2e1.jpg,284,0,316,767,ship
input/train_v2/995d6cae2.jpg,171,0,199,767,ship
input/train_v2/9975f81d2.jpg,95,0,222,767,ship
input/train_v2/99d9e9d7c.jpg,428,0,501,767,ship
input/train_v2/99e966292.jpg,217,0,369,767,ship
input/train_v2/9a2323930.jpg,78,0,164,767,ship
input/train_v2/9a6782fc4.jpg,595,0,674,767,ship
input/train_v2/9a72a0321.jpg,211,0,381,767,ship
input/train_v2/9aa2e2f6a.jpg,191,0,203,767,ship
input/train_v2/9ab0b379b.jpg,437,0,722,767,ship
input/train_v2/9ab30f477.jpg,11,0,44,767,ship
input/train_v2/9ac3a58c8.jpg,630,0,762,767,ship
input/train_v2/9b90c32d6.jpg,349,0,565,767,ship
input/train_v2/9bba986f0.jpg,239,0,412,767,ship
input/train_v2/9bc003ac3.jpg,49,0,371,767,ship
input/train_v2/9bcca883c.jpg,587,0,767,767,ship
input/train_v2/9c04a11c7.jpg,564,0,620,767,ship
input/train_v2/9c056ab2b.jpg,312,0,342,767,ship
input/train_v2/9c056ab2b.jpg,295,0,321,767,ship
input/train_v2/9c056ab2b.jpg,273,0,306,767,ship
input/train_v2/9c056ab2b.jpg,232,0,267,767,ship
input/train_v2/9c056ab2b.jpg,210,0,246,767,ship
input/train_v2/9c4928b09.jpg,117,0,288,767,ship
input/train_v2/9ca7b1b1d.jpg,347,0,497,767,ship
input/train_v2/9ce5897f7.jpg,87,0,200,767,ship
input/train_v2/9d1efce28.jpg,548,0,675,767,ship
input/train_v2/9d6464c9e.jpg,679,0,697,767,ship
input/train_v2/9d662fbde.jpg,709,0,759,767,ship
input/train_v2/9d749349f.jpg,0,0,233,767,ship
input/train_v2/9db8d74a4.jpg,693,0,702,767,ship
input/train_v2/9dd26a968.jpg,221,0,238,767,ship
input/train_v2/9dea41d22.jpg,586,0,678,767,ship
input/train_v2/9e0bb5a0d.jpg,166,0,239,767,ship
input/train_v2/9e0bd7e22.jpg,209,0,233,767,ship
input/train_v2/9e7a4f52c.jpg,81,0,351,767,ship
input/train_v2/9e9666582.jpg,383,0,419,767,ship
input/train_v2/9f5981a46.jpg,35,0,193,767,ship
input/train_v2/9f8b081fc.jpg,480,0,512,767,ship
input/train_v2/9fcf09144.jpg,694,0,699,767,ship
input/train_v2/9ffb1101e.jpg,534,0,693,767,ship
input/train_v2/a00fb81fe.jpg,723,0,768,767,ship
input/train_v2/a02db62f0.jpg,273,0,459,767,ship
input/train_v2/a0332be3c.jpg,42,0,59,767,ship
input/train_v2/a087bc9be.jpg,94,0,178,767,ship
input/train_v2/a08d5e278.jpg,397,0,414,767,ship
input/train_v2/a09a59f09.jpg,326,0,445,767,ship
input/train_v2/a0a38250e.jpg,273,0,320,767,ship
input/train_v2/a0a39bd7f.jpg,449,0,525,767,ship
input/train_v2/a0c74101d.jpg,39,0,309,767,ship
input/train_v2/a178d381e.jpg,539,0,558,767,ship
input/train_v2/a2048a409.jpg,718,0,723,767,ship
input/train_v2/a22a05600.jpg,419,0,543,767,ship
input/train_v2/a22dfa28f.jpg,298,0,315,767,ship
input/train_v2/a256e092a.jpg,257,0,495,767,ship
input/train_v2/a28ff2160.jpg,409,0,437,767,ship
input/train_v2/a30edb78e.jpg,41,0,51,767,ship
input/train_v2/a34edf111.jpg,678,0,709,767,ship
input/train_v2/a38723db6.jpg,290,0,336,767,ship
input/train_v2/a3a87b5fe.jpg,250,0,404,767,ship
input/train_v2/a3a87b5fe.jpg,301,0,431,767,ship
input/train_v2/a3b644bde.jpg,222,0,430,767,ship
input/train_v2/a420b23e3.jpg,576,0,648,767,ship
input/train_v2/a458fdee1.jpg,551,0,768,767,ship
input/train_v2/a4f6d7126.jpg,0,0,13,767,ship
input/train_v2/a520de785.jpg,300,0,401,767,ship
input/train_v2/a575465fa.jpg,584,0,604,767,ship
input/train_v2/a58df32b3.jpg,102,0,180,767,ship
input/train_v2/a62618409.jpg,368,0,394,767,ship
input/train_v2/a64781e46.jpg,348,0,390,767,ship
input/train_v2/a69d2e67d.jpg,262,0,393,767,ship
input/train_v2/a6f9b62f5.jpg,189,0,223,767,ship
input/train_v2/a7163b857.jpg,497,0,715,767,ship
input/train_v2/a7163b857.jpg,634,0,686,767,ship
input/train_v2/a785019f0.jpg,227,0,302,767,ship
input/train_v2/a7bcc4634.jpg,85,0,145,767,ship
input/train_v2/a7be7be44.jpg,118,0,149,767,ship
input/train_v2/a7db146a3.jpg,268,0,329,767,ship
input/train_v2/a8cfb8627.jpg,420,0,519,767,ship
input/train_v2/a901bad53.jpg,604,0,647,767,ship
input/train_v2/a911b318d.jpg,6,0,120,767,ship
input/train_v2/a92145a9a.jpg,458,0,585,767,ship
input/train_v2/a92b91a1f.jpg,498,0,511,767,ship
input/train_v2/a9586794a.jpg,208,0,237,767,ship
input/train_v2/a9814c6c3.jpg,262,0,376,767,ship
input/train_v2/a9a4db53a.jpg,10,0,61,767,ship
input/train_v2/a9afcc49e.jpg,603,0,677,767,ship
input/train_v2/a9b2396bd.jpg,459,0,473,767,ship
input/train_v2/aa35c0a97.jpg,516,0,598,767,ship
input/train_v2/aa6dd2874.jpg,613,0,642,767,ship
input/train_v2/aa8032b18.jpg,659,0,752,767,ship
input/train_v2/aa98a410c.jpg,422,0,489,767,ship
input/train_v2/aac5acad2.jpg,282,0,371,767,ship
input/train_v2/ab5f6ed97.jpg,148,0,329,767,ship
input/train_v2/abb09a308.jpg,560,0,612,767,ship
input/train_v2/abb35d4b2.jpg,64,0,78,767,ship
input/train_v2/abde82349.jpg,246,0,461,767,ship
input/train_v2/abf66f548.jpg,58,0,218,767,ship
input/train_v2/abfa07ace.jpg,179,0,222,767,ship
input/train_v2/ac1a89f64.jpg,16,0,24,767,ship
input/train_v2/ac292bdb3.jpg,550,0,768,767,ship
input/train_v2/ac30c70c1.jpg,61,0,94,767,ship
input/train_v2/ac7f092b4.jpg,591,0,619,767,ship
input/train_v2/acfe5e1f3.jpg,127,0,274,767,ship
input/train_v2/ad0282cfa.jpg,6,0,38,767,ship
input/train_v2/ad7348bcc.jpg,99,0,228,767,ship
input/train_v2/ad751a23d.jpg,461,0,489,767,ship
input/train_v2/ad89a0b64.jpg,0,0,226,767,ship
input/train_v2/ae00d6863.jpg,139,0,345,767,ship
input/train_v2/ae30cad21.jpg,75,0,270,767,ship
input/train_v2/ae49089b6.jpg,245,0,295,767,ship
input/train_v2/ae490e3fb.jpg,36,0,163,767,ship
input/train_v2/ae60903a8.jpg,234,0,241,767,ship
input/train_v2/ae60903a8.jpg,241,0,249,767,ship
input/train_v2/ae67a3441.jpg,659,0,697,767,ship
input/train_v2/ae7d6f1d8.jpg,749,0,767,767,ship
input/train_v2/ae95b0536.jpg,553,0,638,767,ship
input/train_v2/ae9f1802b.jpg,673,0,680,767,ship
input/train_v2/aebcefb56.jpg,569,0,682,767,ship
input/train_v2/aef4e74f8.jpg,492,0,509,767,ship
input/train_v2/afd86f7d2.jpg,515,0,526,767,ship
input/train_v2/afec5c9f9.jpg,24,0,289,767,ship
input/train_v2/b0493275e.jpg,4,0,29,767,ship
input/train_v2/b066985c8.jpg,540,0,673,767,ship
input/train_v2/b0894f945.jpg,467,0,637,767,ship
input/train_v2/b0b182f04.jpg,94,0,139,767,ship
input/train_v2/b0dcf5074.jpg,640,0,767,767,ship
input/train_v2/b0fbd886b.jpg,548,0,689,767,ship
input/train_v2/b0feef552.jpg,667,0,692,767,ship
input/train_v2/b1320fe27.jpg,42,0,248,767,ship
input/train_v2/b1352fb9b.jpg,224,0,378,767,ship
input/train_v2/b178a4c2f.jpg,687,0,715,767,ship
input/train_v2/b1db4b5fb.jpg,412,0,552,767,ship
input/train_v2/b22fbb23a.jpg,419,0,588,767,ship
input/train_v2/b23d92ed7.jpg,238,0,251,767,ship
input/train_v2/b273e414e.jpg,696,0,768,767,ship
input/train_v2/b2b4d87a3.jpg,443,0,478,767,ship
input/train_v2/b32028367.jpg,163,0,287,767,ship
input/train_v2/b33b08320.jpg,344,0,353,767,ship
input/train_v2/b350c298e.jpg,267,0,347,767,ship
input/train_v2/b35354107.jpg,56,0,119,767,ship
input/train_v2/b35d011b1.jpg,140,0,228,767,ship
input/train_v2/b3955e008.jpg,676,0,768,767,ship
input/train_v2/b3ff7b05d.jpg,351,0,478,767,ship
input/train_v2/b42b70ba8.jpg,193,0,217,767,ship
input/train_v2/b46211d57.jpg,164,0,277,767,ship
input/train_v2/b4c451d6f.jpg,519,0,752,767,ship
input/train_v2/b4e6b21a9.jpg,265,0,593,767,ship
input/train_v2/b521ca70c.jpg,159,0,188,767,ship
input/train_v2/b53cd388e.jpg,403,0,420,767,ship
input/train_v2/b5c304f8c.jpg,347,0,421,767,ship
input/train_v2/b5f1e3e0b.jpg,569,0,671,767,ship
input/train_v2/b64f886c7.jpg,478,0,686,767,ship
input/train_v2/b7141d477.jpg,362,0,453,767,ship
input/train_v2/b725e1195.jpg,327,0,386,767,ship
input/train_v2/b7699152f.jpg,58,0,76,767,ship
input/train_v2/b77d578d4.jpg,346,0,360,767,ship
input/train_v2/b77d578d4.jpg,282,0,297,767,ship
input/train_v2/b781d31e1.jpg,556,0,657,767,ship
input/train_v2/b78cf8aa0.jpg,183,0,227,767,ship
input/train_v2/b7b0462b6.jpg,475,0,563,767,ship
input/train_v2/b7d0d5374.jpg,325,0,404,767,ship
input/train_v2/b8340f2e6.jpg,132,0,239,767,ship
input/train_v2/b86b352d9.jpg,165,0,232,767,ship
input/train_v2/b87a0a200.jpg,224,0,256,767,ship
input/train_v2/b88f03749.jpg,240,0,268,767,ship
input/train_v2/b8bc9ecd1.jpg,460,0,466,767,ship
input/train_v2/b8dc43485.jpg,363,0,462,767,ship
input/train_v2/b8de48f12.jpg,546,0,592,767,ship
input/train_v2/b8f49c314.jpg,0,0,223,767,ship
input/train_v2/b8fb65a24.jpg,514,0,576,767,ship
input/train_v2/b90f5bffa.jpg,662,0,668,767,ship
input/train_v2/b989b13f8.jpg,436,0,561,767,ship
input/train_v2/b9afdaca9.jpg,396,0,417,767,ship
input/train_v2/b9c0b3c43.jpg,254,0,292,767,ship
input/train_v2/b9f224552.jpg,758,0,767,767,ship
input/train_v2/ba85c8f68.jpg,408,0,518,767,ship
input/train_v2/baf4ba951.jpg,137,0,233,767,ship
input/train_v2/bafeff789.jpg,314,0,332,767,ship
input/train_v2/bbc1b6ef7.jpg,178,0,299,767,ship
input/train_v2/bbf19b4d6.jpg,170,0,214,767,ship
input/train_v2/bc489710b.jpg,609,0,768,767,ship
input/train_v2/bc905c787.jpg,589,0,637,767,ship
input/train_v2/bcae7734f.jpg,0,0,47,767,ship
input/train_v2/bd20cf84e.jpg,499,0,552,767,ship
input/train_v2/bd3124cee.jpg,664,0,767,767,ship
input/train_v2/bd3b3f4bf.jpg,168,0,245,767,ship
input/train_v2/bd4f4f75e.jpg,161,0,215,767,ship
input/train_v2/bd8af5c6c.jpg,78,0,407,767,ship
input/train_v2/bdb457117.jpg,498,0,531,767,ship
input/train_v2/bf2d9dff1.jpg,437,0,511,767,ship
input/train_v2/bf75573cd.jpg,426,0,582,767,ship
input/train_v2/bfa43584c.jpg,97,0,214,767,ship
input/train_v2/bfd700f85.jpg,730,0,747,767,ship
input/train_v2/c03e6bc0e.jpg,162,0,340,767,ship
input/train_v2/c052ce6fb.jpg,232,0,265,767,ship
input/train_v2/c05a0a3a5.jpg,417,0,424,767,ship
input/train_v2/c09c7b8a2.jpg,705,0,767,767,ship
input/train_v2/c0cd8c3fa.jpg,0,0,36,767,ship
input/train_v2/c0e3b47f4.jpg,298,0,582,767,ship
input/train_v2/c10c45e9e.jpg,487,0,658,767,ship
input/train_v2/c1120a992.jpg,0,0,87,767,ship
input/train_v2/c11f424a6.jpg,161,0,311,767,ship
input/train_v2/c12a7affe.jpg,287,0,516,767,ship
input/train_v2/c1494be4c.jpg,379,0,412,767,ship
input/train_v2/c1e209227.jpg,125,0,149,767,ship
input/train_v2/c1e209227.jpg,144,0,159,767,ship
input/train_v2/c21b2da2d.jpg,62,0,230,767,ship
input/train_v2/c224ec29f.jpg,579,0,627,767,ship
input/train_v2/c225fa7f8.jpg,269,0,375,767,ship
input/train_v2/c253a2c0f.jpg,510,0,525,767,ship
input/train_v2/c258b547a.jpg,72,0,92,767,ship
input/train_v2/c28229fdd.jpg,421,0,488,767,ship
input/train_v2/c287c3520.jpg,179,0,219,767,ship
input/train_v2/c2b01be3c.jpg,217,0,420,767,ship
input/train_v2/c317923cf.jpg,258,0,418,767,ship
input/train_v2/c33d6d052.jpg,435,0,444,767,ship
input/train_v2/c33d6d052.jpg,36,0,202,767,ship
input/train_v2/c360134d0.jpg,484,0,500,767,ship
input/train_v2/c3bb1f912.jpg,36,0,142,767,ship
input/train_v2/c44067d70.jpg,184,0,235,767,ship
input/train_v2/c47aceb57.jpg,86,0,173,767,ship
input/train_v2/c4a3a677d.jpg,315,0,360,767,ship
input/train_v2/c4a457a08.jpg,672,0,768,767,ship
input/train_v2/c4ab4b542.jpg,545,0,609,767,ship
input/train_v2/c514c104a.jpg,269,0,280,767,ship
input/train_v2/c51d64bda.jpg,698,0,737,767,ship
input/train_v2/c53e0a787.jpg,14,0,101,767,ship
input/train_v2/c55969e26.jpg,100,0,111,767,ship
input/train_v2/c55bc461e.jpg,673,0,688,767,ship
input/train_v2/c561e4293.jpg,66,0,75,767,ship
input/train_v2/c56ec8cde.jpg,47,0,197,767,ship
input/train_v2/c5820a9da.jpg,538,0,553,767,ship
input/train_v2/c5820a9da.jpg,602,0,616,767,ship
input/train_v2/c59213696.jpg,88,0,97,767,ship
input/train_v2/c5a9fc5f1.jpg,523,0,556,767,ship
input/train_v2/c5c988648.jpg,131,0,187,767,ship
input/train_v2/c5d62c29d.jpg,115,0,354,767,ship
input/train_v2/c5ebe3713.jpg,518,0,678,767,ship
input/train_v2/c647e33d7.jpg,748,0,767,767,ship
input/train_v2/c66457e1e.jpg,14,0,65,767,ship
input/train_v2/c6664b079.jpg,19,0,99,767,ship
input/train_v2/c671a350d.jpg,516,0,640,767,ship
input/train_v2/c671a350d.jpg,544,0,589,767,ship
input/train_v2/c71663c41.jpg,757,0,767,767,ship
input/train_v2/c72a54298.jpg,0,0,260,767,ship
input/train_v2/c77cf2b4a.jpg,568,0,586,767,ship
input/train_v2/c7b868370.jpg,474,0,491,767,ship
input/train_v2/c7ce24fc2.jpg,237,0,320,767,ship
input/train_v2/c82ed649a.jpg,383,0,389,767,ship
input/train_v2/c82ff8d19.jpg,112,0,255,767,ship
input/train_v2/c83f1d5a0.jpg,224,0,330,767,ship
input/train_v2/c8492834a.jpg,462,0,467,767,ship
input/train_v2/c85c01c7a.jpg,411,0,436,767,ship
input/train_v2/c8c9e537f.jpg,268,0,374,767,ship
input/train_v2/c8dcfed1d.jpg,152,0,181,767,ship
input/train_v2/c8ef8d0fc.jpg,484,0,495,767,ship
input/train_v2/c94559496.jpg,719,0,742,767,ship
input/train_v2/c949a30fb.jpg,147,0,240,767,ship
input/train_v2/c9ac4fbde.jpg,360,0,403,767,ship
input/train_v2/c9ac4fbde.jpg,83,0,162,767,ship
input/train_v2/c9bac72ee.jpg,219,0,493,767,ship
input/train_v2/c9ea97f87.jpg,675,0,753,767,ship
input/train_v2/c9f11de98.jpg,147,0,160,767,ship
input/train_v2/ca05f7b15.jpg,480,0,764,767,ship
input/train_v2/ca180ecbf.jpg,217,0,238,767,ship
input/train_v2/ca2a0d3ed.jpg,508,0,557,767,ship
input/train_v2/ca2a0d3ed.jpg,459,0,590,767,ship
input/train_v2/ca633563a.jpg,2,0,173,767,ship
input/train_v2/cb754fbfb.jpg,407,0,433,767,ship
input/train_v2/cbebb6242.jpg,91,0,208,767,ship
input/train_v2/cc0f32b74.jpg,515,0,533,767,ship
input/train_v2/cc1a418af.jpg,29,0,34,767,ship
input/train_v2/cc1a418af.jpg,34,0,42,767,ship
input/train_v2/cc3143fd9.jpg,532,0,554,767,ship
input/train_v2/cc75f168d.jpg,0,0,95,767,ship
input/train_v2/cc855eb83.jpg,11,0,332,767,ship
input/train_v2/cca8f5286.jpg,753,0,761,767,ship
input/train_v2/cca8f5286.jpg,746,0,753,767,ship
input/train_v2/ccd8e6624.jpg,315,0,358,767,ship
input/train_v2/cd10b036c.jpg,149,0,203,767,ship
input/train_v2/cd10b036c.jpg,396,0,435,767,ship
input/train_v2/cd8a1f1e3.jpg,147,0,164,767,ship
input/train_v2/cd973af2f.jpg,280,0,545,767,ship
input/train_v2/cd98913eb.jpg,322,0,509,767,ship
input/train_v2/cdb440dbb.jpg,578,0,765,767,ship
input/train_v2/cdf12b81d.jpg,736,0,767,767,ship
input/train_v2/ce0766d60.jpg,618,0,767,767,ship
input/train_v2/ce3d72b60.jpg,47,0,64,767,ship
input/train_v2/ce5d757e8.jpg,48,0,115,767,ship
input/train_v2/ce80a01a1.jpg,383,0,530,767,ship
input/train_v2/cead9a2a3.jpg,295,0,565,767,ship
input/train_v2/cec74b8cb.jpg,280,0,299,767,ship
input/train_v2/cefb85982.jpg,297,0,352,767,ship
input/train_v2/cf2510f0d.jpg,251,0,339,767,ship
input/train_v2/cf4369f96.jpg,219,0,273,767,ship
input/train_v2/cf493fcb5.jpg,292,0,398,767,ship
input/train_v2/cf7757f28.jpg,54,0,82,767,ship
input/train_v2/cf8da8850.jpg,156,0,198,767,ship
input/train_v2/cfd864cf2.jpg,93,0,309,767,ship
input/train_v2/cfdba76fa.jpg,6,0,88,767,ship
input/train_v2/cfe74508f.jpg,161,0,220,767,ship
input/train_v2/d00ce7d69.jpg,538,0,627,767,ship
input/train_v2/d049e596b.jpg,303,0,537,767,ship
input/train_v2/d05291eed.jpg,561,0,597,767,ship
input/train_v2/d05e68793.jpg,586,0,663,767,ship
input/train_v2/d06ef7443.jpg,48,0,100,767,ship
input/train_v2/d0f9f9a40.jpg,14,0,48,767,ship
input/train_v2/d1165f6ca.jpg,118,0,250,767,ship
input/train_v2/d139f0884.jpg,308,0,364,767,ship
input/train_v2/d15164d62.jpg,4,0,86,767,ship
input/train_v2/d19239cbd.jpg,128,0,366,767,ship
input/train_v2/d1aa08125.jpg,0,0,83,767,ship
input/train_v2/d1c125b28.jpg,182,0,193,767,ship
input/train_v2/d26b357e2.jpg,521,0,760,767,ship
input/train_v2/d26e81921.jpg,266,0,286,767,ship
input/train_v2/d2e871f1c.jpg,50,0,315,767,ship
input/train_v2/d31493201.jpg,655,0,703,767,ship
input/train_v2/d31cdb591.jpg,358,0,487,767,ship
input/train_v2/d36d886a3.jpg,589,0,661,767,ship
input/train_v2/d37251783.jpg,463,0,482,767,ship
input/train_v2/d373945a8.jpg,578,0,589,767,ship
input/train_v2/d378f85c3.jpg,59,0,102,767,ship
input/train_v2/d38cc34a6.jpg,237,0,256,767,ship
input/train_v2/d39002642.jpg,445,0,479,767,ship
input/train_v2/d3e087e56.jpg,46,0,75,767,ship
input/train_v2/d41a56be9.jpg,322,0,331,767,ship
input/train_v2/d4ab2c39d.jpg,13,0,148,767,ship
input/train_v2/d4ab2c39d.jpg,583,0,720,767,ship
input/train_v2/d4b608de9.jpg,449,0,589,767,ship
input/train_v2/d4efd2ff1.jpg,313,0,426,767,ship
input/train_v2/d4faf1790.jpg,435,0,478,767,ship
input/train_v2/d50ddd1e3.jpg,639,0,768,767,ship
input/train_v2/d5e5c1e23.jpg,81,0,104,767,ship
input/train_v2/d5f66d1c3.jpg,206,0,211,767,ship
input/train_v2/d61a8cdaf.jpg,492,0,501,767,ship
input/train_v2/d626c7b4e.jpg,417,0,532,767,ship
input/train_v2/d630e757e.jpg,505,0,580,767,ship
input/train_v2/d658180e6.jpg,386,0,485,767,ship
input/train_v2/d6917ac0e.jpg,411,0,424,767,ship
input/train_v2/d69a6d64b.jpg,270,0,292,767,ship
input/train_v2/d6ab15480.jpg,231,0,369,767,ship
input/train_v2/d6b8229f3.jpg,279,0,432,767,ship
input/train_v2/d6c509605.jpg,699,0,734,767,ship
input/train_v2/d6d014ce6.jpg,54,0,137,767,ship
input/train_v2/d6eafeb01.jpg,403,0,496,767,ship
input/train_v2/d75145cf2.jpg,495,0,668,767,ship
input/train_v2/d7980028e.jpg,716,0,722,767,ship
input/train_v2/d7b8c47f0.jpg,143,0,191,767,ship
input/train_v2/d854bc5e7.jpg,368,0,481,767,ship
input/train_v2/d88b769af.jpg,169,0,403,767,ship
input/train_v2/d8d6a1823.jpg,128,0,286,767,ship
input/train_v2/d919b349f.jpg,407,0,464,767,ship
input/train_v2/d94835633.jpg,465,0,489,767,ship
input/train_v2/d972c6d15.jpg,502,0,717,767,ship
input/train_v2/d9a883bec.jpg,476,0,508,767,ship
input/train_v2/d9c413612.jpg,340,0,378,767,ship
input/train_v2/da65aa4da.jpg,208,0,362,767,ship
input/train_v2/dac5e0137.jpg,112,0,138,767,ship
input/train_v2/dadac0e64.jpg,254,0,269,767,ship
input/train_v2/dbb34d6c2.jpg,354,0,399,767,ship
input/train_v2/dc1d2bdf2.jpg,142,0,168,767,ship
input/train_v2/dc540576b.jpg,603,0,753,767,ship
input/train_v2/dc5a768dd.jpg,73,0,144,767,ship
input/train_v2/dce2138f8.jpg,209,0,390,767,ship
input/train_v2/dd0e81f5f.jpg,322,0,333,767,ship
input/train_v2/dd3611765.jpg,448,0,453,767,ship
input/train_v2/dd8631a7b.jpg,39,0,276,767,ship
input/train_v2/dd87389b5.jpg,438,0,443,767,ship
input/train_v2/ddad0ced8.jpg,72,0,78,767,ship
input/train_v2/ddd55b876.jpg,356,0,367,767,ship
input/train_v2/de93b8c30.jpg,417,0,432,767,ship
input/train_v2/de99c3240.jpg,228,0,239,767,ship
input/train_v2/dee88169c.jpg,12,0,40,767,ship
input/train_v2/dee88169c.jpg,33,0,60,767,ship
input/train_v2/df1995e1a.jpg,430,0,470,767,ship
input/train_v2/df1f957e9.jpg,9,0,32,767,ship
input/train_v2/e0171ead8.jpg,248,0,268,767,ship
input/train_v2/e0171ead8.jpg,151,0,213,767,ship
input/train_v2/e0171ead8.jpg,447,0,459,767,ship
input/train_v2/e09255efc.jpg,321,0,345,767,ship
input/train_v2/e11eff1b5.jpg,142,0,356,767,ship
input/train_v2/e187c0741.jpg,131,0,144,767,ship
input/train_v2/e1e040f33.jpg,95,0,152,767,ship
input/train_v2/e21063b79.jpg,128,0,202,767,ship
input/train_v2/e210c8ab1.jpg,518,0,600,767,ship
input/train_v2/e24bb467c.jpg,79,0,184,767,ship
input/train_v2/e296b5a23.jpg,92,0,315,767,ship
input/train_v2/e2984b7e4.jpg,636,0,642,767,ship
input/train_v2/e298b6c6c.jpg,312,0,441,767,ship
input/train_v2/e298f9e67.jpg,535,0,620,767,ship
input/train_v2/e2cdbf93d.jpg,634,0,716,767,ship
input/train_v2/e314ca141.jpg,356,0,407,767,ship
input/train_v2/e345aa0fa.jpg,53,0,177,767,ship
input/train_v2/e35160e38.jpg,154,0,164,767,ship
input/train_v2/e3743278a.jpg,412,0,429,767,ship
input/train_v2/e39f1cf39.jpg,157,0,185,767,ship
input/train_v2/e3bc3a1c2.jpg,11,0,222,767,ship
input/train_v2/e3f10b1c3.jpg,558,0,705,767,ship
input/train_v2/e3fab960d.jpg,355,0,361,767,ship
input/train_v2/e4058ab2c.jpg,265,0,288,767,ship
input/train_v2/e439e0504.jpg,328,0,573,767,ship
input/train_v2/e44bd702f.jpg,480,0,634,767,ship
input/train_v2/e4aef0c6d.jpg,0,0,159,767,ship
input/train_v2/e4cb763a2.jpg,6,0,137,767,ship
input/train_v2/e4cfee59f.jpg,536,0,768,767,ship
input/train_v2/e4ef760dd.jpg,541,0,573,767,ship
input/train_v2/e4f0798c3.jpg,665,0,693,767,ship
input/train_v2/e50788e9b.jpg,584,0,633,767,ship
input/train_v2/e54e2fd7f.jpg,267,0,588,767,ship
input/train_v2/e5b91c125.jpg,71,0,130,767,ship
input/train_v2/e6704ef29.jpg,0,0,46,767,ship
input/train_v2/e67940c6d.jpg,618,0,731,767,ship
input/train_v2/e698a6a67.jpg,598,0,768,767,ship
input/train_v2/e6b42f1ce.jpg,142,0,335,767,ship
input/train_v2/e6f2e887b.jpg,38,0,91,767,ship
input/train_v2/e73dafdc8.jpg,127,0,163,767,ship
input/train_v2/e74c35724.jpg,315,0,442,767,ship
input/train_v2/e74c35724.jpg,265,0,413,767,ship
input/train_v2/e74ce7f9b.jpg,510,0,548,767,ship
input/train_v2/e74dcde3b.jpg,696,0,747,767,ship
input/train_v2/e759ce27c.jpg,467,0,541,767,ship
input/train_v2/e805a2aec.jpg,721,0,747,767,ship
input/train_v2/e87a9cc17.jpg,507,0,595,767,ship
input/train_v2/e89cc5c99.jpg,59,0,131,767,ship
input/train_v2/e8dbd930d.jpg,526,0,548,767,ship
input/train_v2/e8dc87183.jpg,171,0,178,767,ship
input/train_v2/e8de49b20.jpg,549,0,767,767,ship
input/train_v2/e8e58cb65.jpg,373,0,483,767,ship
input/train_v2/e9010f56e.jpg,396,0,413,767,ship
input/train_v2/e94d2c3f6.jpg,532,0,767,767,ship
input/train_v2/e97b5bcfc.jpg,74,0,151,767,ship
input/train_v2/e97eeb286.jpg,123,0,143,767,ship
input/train_v2/e98523c27.jpg,669,0,720,767,ship
input/train_v2/e993fc199.jpg,310,0,338,767,ship
input/train_v2/e9caf4cf9.jpg,502,0,513,767,ship
input/train_v2/ea09760b1.jpg,467,0,521,767,ship
input/train_v2/ea5731af0.jpg,642,0,703,767,ship
input/train_v2/eb494f68a.jpg,203,0,405,767,ship
input/train_v2/eb7910d1e.jpg,578,0,638,767,ship
input/train_v2/eb8cdda08.jpg,541,0,548,767,ship
input/train_v2/eba3fc532.jpg,155,0,180,767,ship
input/train_v2/ebd28aab1.jpg,76,0,99,767,ship
input/train_v2/ec40c6c9f.jpg,265,0,390,767,ship
input/train_v2/ec4a788af.jpg,353,0,390,767,ship
input/train_v2/ec592f938.jpg,526,0,539,767,ship
input/train_v2/ec7052528.jpg,9,0,134,767,ship
input/train_v2/ec7a6fe5f.jpg,614,0,743,767,ship
input/train_v2/ec7cb4342.jpg,598,0,685,767,ship
input/train_v2/eccbd4dfa.jpg,117,0,227,767,ship
input/train_v2/ed20b47b6.jpg,543,0,705,767,ship
input/train_v2/ed501b2bd.jpg,263,0,313,767,ship
input/train_v2/ed64caab6.jpg,652,0,673,767,ship
input/train_v2/eda41c7b0.jpg,176,0,289,767,ship
input/train_v2/edba9fcb3.jpg,503,0,559,767,ship
input/train_v2/edec35a72.jpg,589,0,733,767,ship
input/train_v2/ee36ea92b.jpg,0,0,145,767,ship
input/train_v2/ee7eae043.jpg,0,0,169,767,ship
input/train_v2/eeaa85604.jpg,335,0,440,767,ship
input/train_v2/eecd86dc1.jpg,410,0,420,767,ship
input/train_v2/eedf59498.jpg,420,0,552,767,ship
input/train_v2/ef023c0ac.jpg,85,0,133,767,ship
input/train_v2/ef2b2e94e.jpg,399,0,447,767,ship
input/train_v2/ef2d828ae.jpg,181,0,190,767,ship
input/train_v2/ef4a2b3b4.jpg,112,0,225,767,ship
input/train_v2/ef6a5191a.jpg,242,0,275,767,ship
input/train_v2/efa288429.jpg,302,0,331,767,ship
input/train_v2/efc962a15.jpg,728,0,734,767,ship
input/train_v2/efc962a15.jpg,735,0,740,767,ship
input/train_v2/f00c26083.jpg,337,0,360,767,ship
input/train_v2/f03977016.jpg,626,0,683,767,ship
input/train_v2/f03b8092b.jpg,270,0,278,767,ship
input/train_v2/f045911ff.jpg,299,0,307,767,ship
input/train_v2/f0b485e55.jpg,364,0,686,767,ship
input/train_v2/f0e368850.jpg,525,0,631,767,ship
input/train_v2/f12c7e332.jpg,96,0,252,767,ship
input/train_v2/f151cf014.jpg,611,0,670,767,ship
input/train_v2/f1bef28c8.jpg,282,0,294,767,ship
input/train_v2/f1c576cb4.jpg,266,0,444,767,ship
input/train_v2/f1ee34a13.jpg,581,0,606,767,ship
input/train_v2/f1ee34a13.jpg,82,0,142,767,ship
input/train_v2/f20cd5bf6.jpg,306,0,363,767,ship
input/train_v2/f21badd13.jpg,181,0,466,767,ship
input/train_v2/f24fc5049.jpg,701,0,735,767,ship
input/train_v2/f28af8920.jpg,108,0,233,767,ship
input/train_v2/f2fd3cc56.jpg,442,0,598,767,ship
input/train_v2/f32854f6f.jpg,102,0,231,767,ship
input/train_v2/f33a90604.jpg,541,0,587,767,ship
input/train_v2/f36cb79fd.jpg,499,0,615,767,ship
input/train_v2/f3a1b0a44.jpg,12,0,118,767,ship
input/train_v2/f3b582b14.jpg,102,0,265,767,ship
input/train_v2/f3cd16e96.jpg,396,0,433,767,ship
input/train_v2/f3d4f34de.jpg,76,0,173,767,ship
input/train_v2/f48592d93.jpg,406,0,412,767,ship
input/train_v2/f48f32045.jpg,419,0,671,767,ship
input/train_v2/f4a82a692.jpg,330,0,422,767,ship
input/train_v2/f4b494ecd.jpg,314,0,554,767,ship
input/train_v2/f4f05718c.jpg,287,0,449,767,ship
input/train_v2/f4f212509.jpg,392,0,501,767,ship
input/train_v2/f54d407f5.jpg,445,0,599,767,ship
input/train_v2/f54ed9c00.jpg,64,0,136,767,ship
input/train_v2/f56fc414b.jpg,434,0,456,767,ship
input/train_v2/f5762d6df.jpg,77,0,221,767,ship
input/train_v2/f5968778b.jpg,188,0,220,767,ship
input/train_v2/f5a3d3a03.jpg,559,0,576,767,ship
input/train_v2/f5b864291.jpg,674,0,686,767,ship
input/train_v2/f5dd54309.jpg,590,0,611,767,ship
input/train_v2/f5e29fdd5.jpg,56,0,171,767,ship
input/train_v2/f5f3bc3e2.jpg,447,0,459,767,ship
input/train_v2/f60686469.jpg,2,0,162,767,ship
input/train_v2/f61741816.jpg,266,0,317,767,ship
input/train_v2/f67cdde30.jpg,77,0,112,767,ship
input/train_v2/f6857a93b.jpg,398,0,591,767,ship
input/train_v2/f70fce66b.jpg,70,0,132,767,ship
input/train_v2/f7113e752.jpg,664,0,693,767,ship
input/train_v2/f7657ae07.jpg,717,0,745,767,ship
input/train_v2/f7bf136bd.jpg,671,0,700,767,ship
input/train_v2/f7c5a9f13.jpg,621,0,696,767,ship
input/train_v2/f7ef33caa.jpg,118,0,304,767,ship
input/train_v2/f85b1c9ed.jpg,54,0,98,767,ship
input/train_v2/f87938e60.jpg,533,0,538,767,ship
input/train_v2/f87a3f556.jpg,677,0,720,767,ship
input/train_v2/f892ba837.jpg,60,0,144,767,ship
input/train_v2/f8ae88b29.jpg,355,0,434,767,ship
input/train_v2/f8f00a15e.jpg,488,0,551,767,ship
input/train_v2/f9345a717.jpg,62,0,81,767,ship
input/train_v2/f97e961f2.jpg,411,0,522,767,ship
input/train_v2/f9e60b8ea.jpg,486,0,554,767,ship
input/train_v2/fa0926ae5.jpg,234,0,479,767,ship
input/train_v2/fa0effd8c.jpg,87,0,168,767,ship
input/train_v2/fa22e43fa.jpg,97,0,134,767,ship
input/train_v2/fa70e67bd.jpg,0,0,185,767,ship
input/train_v2/fa974533f.jpg,379,0,417,767,ship
input/train_v2/fad674252.jpg,270,0,357,767,ship
input/train_v2/fae2ffac5.jpg,260,0,384,767,ship
input/train_v2/fae2ffac5.jpg,288,0,333,767,ship
input/train_v2/fb296db60.jpg,557,0,687,767,ship
input/train_v2/fb296db60.jpg,506,0,660,767,ship
input/train_v2/fb4125a49.jpg,315,0,387,767,ship
input/train_v2/fb7093808.jpg,187,0,208,767,ship
input/train_v2/fb7fd8526.jpg,471,0,622,767,ship
input/train_v2/fba8a15ef.jpg,72,0,88,767,ship
input/train_v2/fbcf1c55c.jpg,566,0,594,767,ship
input/train_v2/fc0cad3fc.jpg,623,0,633,767,ship
input/train_v2/fc1d0f5f5.jpg,341,0,401,767,ship
input/train_v2/fc209eab2.jpg,329,0,400,767,ship
input/train_v2/fc23a91b3.jpg,420,0,458,767,ship
input/train_v2/fc3953c36.jpg,160,0,354,767,ship
input/train_v2/fc69ecd45.jpg,171,0,219,767,ship
input/train_v2/fcd72443c.jpg,612,0,623,767,ship
input/train_v2/fd07b12b6.jpg,342,0,480,767,ship
input/train_v2/fd4721b9a.jpg,111,0,121,767,ship
input/train_v2/fd6faf7ac.jpg,140,0,186,767,ship
input/train_v2/fd73329f0.jpg,403,0,441,767,ship
input/train_v2/fdc8e2283.jpg,610,0,622,767,ship
input/train_v2/fde959a2c.jpg,0,0,68,767,ship
input/train_v2/fe98475e6.jpg,156,0,296,767,ship
input/train_v2/feb30b892.jpg,49,0,85,767,ship
input/train_v2/febb6dcf2.jpg,648,0,657,767,ship
input/train_v2/fec0f24e8.jpg,586,0,678,767,ship
input/train_v2/feeabe951.jpg,181,0,255,767,ship
input/train_v2/ff0d85ced.jpg,236,0,253,767,ship
input/train_v2/ff1220ede.jpg,497,0,505,767,ship
input/train_v2/ff1220ede.jpg,490,0,497,767,ship
input/train_v2/ff31b8d76.jpg,426,0,470,767,ship
input/train_v2/ff898a59c.jpg,99,0,178,767,ship
input/train_v2/ff8ace074.jpg,150,0,156,767,ship
input/train_v2/ffaf289fa.jpg,193,0,333,767,ship
input/train_v2/ffe2fcd0e.jpg,750,0,767,767,ship
input/train_v2/ffe2fcd0e.jpg,190,0,375,767,ship
input/train_v2/ffe2fcd0e.jpg,182,0,274,767,ship
